-- MySQL dump 10.13  Distrib 8.0.41, for Win64 (x86_64)
--
-- Host: eld3rsec-mysql-main.mysql.database.azure.com    Database: eld3rseciam
-- ------------------------------------------------------
-- Server version	8.0.40-azure

/*!40101 SET @OLD_CHARACTER_SET_CLIENT=@@CHARACTER_SET_CLIENT */;
/*!40101 SET @OLD_CHARACTER_SET_RESULTS=@@CHARACTER_SET_RESULTS */;
/*!40101 SET @OLD_COLLATION_CONNECTION=@@COLLATION_CONNECTION */;
/*!50503 SET NAMES utf8 */;
/*!40103 SET @OLD_TIME_ZONE=@@TIME_ZONE */;
/*!40103 SET TIME_ZONE='+00:00' */;
/*!40014 SET @OLD_UNIQUE_CHECKS=@@UNIQUE_CHECKS, UNIQUE_CHECKS=0 */;
/*!40014 SET @OLD_FOREIGN_KEY_CHECKS=@@FOREIGN_KEY_CHECKS, FOREIGN_KEY_CHECKS=0 */;
/*!40101 SET @OLD_SQL_MODE=@@SQL_MODE, SQL_MODE='NO_AUTO_VALUE_ON_ZERO' */;
/*!40111 SET @OLD_SQL_NOTES=@@SQL_NOTES, SQL_NOTES=0 */;

--
-- Table structure for table `auditlogs`
--

DROP TABLE IF EXISTS `auditlogs`;
/*!40101 SET @saved_cs_client     = @@character_set_client */;
/*!50503 SET character_set_client = utf8mb4 */;
CREATE TABLE `auditlogs` (
  `LogID` int NOT NULL AUTO_INCREMENT,
  `UserID` int DEFAULT NULL,
  `Action` varchar(255) DEFAULT NULL,
  `Timestamp` datetime DEFAULT CURRENT_TIMESTAMP,
  PRIMARY KEY (`LogID`),
  KEY `UserID` (`UserID`),
  CONSTRAINT `auditlogs_ibfk_1` FOREIGN KEY (`UserID`) REFERENCES `users` (`UserID`)
) ENGINE=InnoDB DEFAULT CHARSET=utf8mb4 COLLATE=utf8mb4_0900_ai_ci;
/*!40101 SET character_set_client = @saved_cs_client */;

--
-- Dumping data for table `auditlogs`
--

LOCK TABLES `auditlogs` WRITE;
/*!40000 ALTER TABLE `auditlogs` DISABLE KEYS */;
/*!40000 ALTER TABLE `auditlogs` ENABLE KEYS */;
UNLOCK TABLES;

--
-- Table structure for table `permissions`
--

DROP TABLE IF EXISTS `permissions`;
/*!40101 SET @saved_cs_client     = @@character_set_client */;
/*!50503 SET character_set_client = utf8mb4 */;
CREATE TABLE `permissions` (
  `PermissionID` int NOT NULL AUTO_INCREMENT,
  `PermissionName` varchar(100) DEFAULT NULL,
  `Description` varchar(255) DEFAULT NULL,
  PRIMARY KEY (`PermissionID`)
) ENGINE=InnoDB AUTO_INCREMENT=10 DEFAULT CHARSET=utf8mb4 COLLATE=utf8mb4_0900_ai_ci;
/*!40101 SET character_set_client = @saved_cs_client */;

--
-- Dumping data for table `permissions`
--

LOCK TABLES `permissions` WRITE;
/*!40000 ALTER TABLE `permissions` DISABLE KEYS */;
INSERT INTO `permissions` VALUES (1,'ViewDashboard','Access to the dashboard'),(2,'ManageUsers','Create, edit, delete user accounts'),(3,'ViewResidentInfo','Access resident personal data'),(4,'UpdateCareTasks','Modify care tasks'),(5,'ViewMedicalRecords','Access medical data'),(6,'SubmitHealthReport','Submit new medical entries'),(7,'ViewOwnProfile','View own resident profile'),(8,'ViewFamilyMemberInfo','View related resident info'),(9,'UpdateProfile','Update own profile information');
/*!40000 ALTER TABLE `permissions` ENABLE KEYS */;
UNLOCK TABLES;

--
-- Table structure for table `rolepermissions`
--

DROP TABLE IF EXISTS `rolepermissions`;
/*!40101 SET @saved_cs_client     = @@character_set_client */;
/*!50503 SET character_set_client = utf8mb4 */;
CREATE TABLE `rolepermissions` (
  `RoleID` int NOT NULL,
  `PermissionID` int NOT NULL,
  PRIMARY KEY (`RoleID`,`PermissionID`),
  KEY `PermissionID` (`PermissionID`),
  CONSTRAINT `rolepermissions_ibfk_1` FOREIGN KEY (`RoleID`) REFERENCES `roles` (`RoleID`),
  CONSTRAINT `rolepermissions_ibfk_2` FOREIGN KEY (`PermissionID`) REFERENCES `permissions` (`PermissionID`)
) ENGINE=InnoDB DEFAULT CHARSET=utf8mb4 COLLATE=utf8mb4_0900_ai_ci;
/*!40101 SET character_set_client = @saved_cs_client */;

--
-- Dumping data for table `rolepermissions`
--

LOCK TABLES `rolepermissions` WRITE;
/*!40000 ALTER TABLE `rolepermissions` DISABLE KEYS */;
/*!40000 ALTER TABLE `rolepermissions` ENABLE KEYS */;
UNLOCK TABLES;

--
-- Table structure for table `roles`
--

DROP TABLE IF EXISTS `roles`;
/*!40101 SET @saved_cs_client     = @@character_set_client */;
/*!50503 SET character_set_client = utf8mb4 */;
CREATE TABLE `roles` (
  `RoleID` int NOT NULL AUTO_INCREMENT,
  `RoleName` varchar(50) NOT NULL,
  `Description` varchar(255) DEFAULT NULL,
  PRIMARY KEY (`RoleID`)
) ENGINE=InnoDB AUTO_INCREMENT=6 DEFAULT CHARSET=utf8mb4 COLLATE=utf8mb4_0900_ai_ci;
/*!40101 SET character_set_client = @saved_cs_client */;

--
-- Dumping data for table `roles`
--

LOCK TABLES `roles` WRITE;
/*!40000 ALTER TABLE `roles` DISABLE KEYS */;
INSERT INTO `roles` VALUES (1,'Admin','Administrator with full access'),(2,'Caregiver','Responsible for providing daily care'),(3,'Nurse','Medical professional managing health tasks'),(4,'Resident','Individual residing in the aged care facility'),(5,'FamilyMember','Family member with limited access');
/*!40000 ALTER TABLE `roles` ENABLE KEYS */;
UNLOCK TABLES;

--
-- Table structure for table `userroles`
--

DROP TABLE IF EXISTS `userroles`;
/*!40101 SET @saved_cs_client     = @@character_set_client */;
/*!50503 SET character_set_client = utf8mb4 */;
CREATE TABLE `userroles` (
  `UserID` int NOT NULL,
  `RoleID` int NOT NULL,
  PRIMARY KEY (`UserID`,`RoleID`),
  KEY `RoleID` (`RoleID`),
  CONSTRAINT `userroles_ibfk_1` FOREIGN KEY (`UserID`) REFERENCES `users` (`UserID`),
  CONSTRAINT `userroles_ibfk_2` FOREIGN KEY (`RoleID`) REFERENCES `roles` (`RoleID`)
) ENGINE=InnoDB DEFAULT CHARSET=utf8mb4 COLLATE=utf8mb4_0900_ai_ci;
/*!40101 SET character_set_client = @saved_cs_client */;

--
-- Dumping data for table `userroles`
--

LOCK TABLES `userroles` WRITE;
/*!40000 ALTER TABLE `userroles` DISABLE KEYS */;
INSERT INTO `userroles` VALUES (1,1),(2,2),(3,3),(4,4),(5,5);
/*!40000 ALTER TABLE `userroles` ENABLE KEYS */;
UNLOCK TABLES;

--
-- Table structure for table `users`
--

DROP TABLE IF EXISTS `users`;
/*!40101 SET @saved_cs_client     = @@character_set_client */;
/*!50503 SET character_set_client = utf8mb4 */;
CREATE TABLE `users` (
  `UserID` int NOT NULL AUTO_INCREMENT,
  `Username` varchar(100) NOT NULL,
  `Email` varchar(100) NOT NULL,
  `CreatedAt` datetime DEFAULT CURRENT_TIMESTAMP,
  `IsActive` tinyint(1) DEFAULT '1',
  PRIMARY KEY (`UserID`),
  UNIQUE KEY `Username` (`Username`)
) ENGINE=InnoDB AUTO_INCREMENT=7 DEFAULT CHARSET=utf8mb4 COLLATE=utf8mb4_0900_ai_ci;
/*!40101 SET character_set_client = @saved_cs_client */;

--
-- Dumping data for table `users`
--

LOCK TABLES `users` WRITE;
/*!40000 ALTER TABLE `users` DISABLE KEYS */;
INSERT INTO `users` VALUES (1,'jdoe','jdoe@example.com','2025-04-14 10:33:36',1),(2,'admin1','admin@eld3rsecb2c.onmicrosoft.com','2025-04-15 06:09:50',1),(3,'caregiver1','caregiver@eld3rsecb2c.onmicrosoft.com','2025-04-15 06:09:50',1),(4,'nurse1','nurse@eeld3rsecb2c.onmicrosoft.com','2025-04-15 06:09:50',1),(5,'resident1','resident@eld3rsecb2c.onmicrosoft.com','2025-04-15 06:09:50',1),(6,'family1','family@eld3rsecb2c.onmicrosoft.com','2025-04-15 06:09:50',1);
/*!40000 ALTER TABLE `users` ENABLE KEYS */;
UNLOCK TABLES;
/*!40103 SET TIME_ZONE=@OLD_TIME_ZONE */;

/*!40101 SET SQL_MODE=@OLD_SQL_MODE */;
/*!40014 SET FOREIGN_KEY_CHECKS=@OLD_FOREIGN_KEY_CHECKS */;
/*!40014 SET UNIQUE_CHECKS=@OLD_UNIQUE_CHECKS */;
/*!40101 SET CHARACTER_SET_CLIENT=@OLD_CHARACTER_SET_CLIENT */;
/*!40101 SET CHARACTER_SET_RESULTS=@OLD_CHARACTER_SET_RESULTS */;
/*!40101 SET COLLATION_CONNECTION=@OLD_COLLATION_CONNECTION */;
/*!40111 SET SQL_NOTES=@OLD_SQL_NOTES */;

-- Dump completed on 2025-05-04 21:01:22
